{"cameraMode":{"drawMode":0,"name":"Shaded","section":"Shading Mode"},"sceneLighting":false,"audioPlay":false,"sceneViewState":{"m_AlwaysRefresh":false,"showFog":true,"showSkybox":true,"showFlares":true,"showImageEffects":true,"showParticleSystems":true,"showVisualEffectGraphs":true,"m_FxEnabled":true},"in2DMode":false,"pivot":{"x":245.40609741210938,"y":2.115037679672241,"z":-91.48760223388672},"rotation":{"x":0.003259442513808608,"y":-0.7689507007598877,"z":0.00034928976674564183,"w":-0.6394764184951782},"size":126.39105224609375,"orthographic":false}