{"cameraMode":{"drawMode":0,"name":"Shaded","section":"Shading Mode"},"sceneLighting":false,"audioPlay":false,"sceneViewState":{"m_AlwaysRefresh":false,"showFog":true,"showSkybox":true,"showFlares":true,"showImageEffects":true,"showParticleSystems":true,"showVisualEffectGraphs":true,"m_FxEnabled":true},"in2DMode":false,"pivot":{"x":-129.1450958251953,"y":-153.51976013183595,"z":212.8087615966797},"rotation":{"x":0.20408594608306886,"y":-0.23810923099517823,"z":0.048085715621709827,"w":0.948534369468689},"size":217.93930053710938,"orthographic":false}