{"cameraMode":{"drawMode":0,"name":"Shaded","section":"Shading Mode"},"sceneLighting":false,"audioPlay":false,"sceneViewState":{"m_AlwaysRefresh":false,"showFog":true,"showSkybox":false,"showFlares":true,"showImageEffects":true,"showParticleSystems":true,"showVisualEffectGraphs":true,"m_FxEnabled":true},"in2DMode":false,"pivot":{"x":4.940091133117676,"y":-1.590066909790039,"z":-12.573500633239746},"rotation":{"x":0.03000497817993164,"y":0.9652879238128662,"z":-0.12846998870372773,"w":0.22549386322498322},"size":10.973618507385254,"orthographic":false}